<?xml version="1.0" encoding="UTF-8" ?>
<Reinf xmlns="http://www.reinf.esocial.gov.br/schemas/envioLoteEventos/v1_04_00" xmlns:xsd="http://www.w3.org/2001/XMLSchema" xmlns:xsi="http://www.w3.org/2001/XMLSchema-instance">
    <loteEventos>
        <evento id="ID000000000000020205">
            <Reinf xmlns="http://www.reinf.esocial.gov.br/schemas/evtInfoContribuinte/v1_04_00">
                <evtInfoContri id="ID000000000000020205">
                    <ideEvento>
                        <tpAmb></tpAmb>
                        <procEmi>1</procEmi>
                        <verProc>0.0.9</verProc>
                    </ideEvento>
                    <ideContri>
                        <tpInsc>1</tpInsc>
                        <nrInsc>83962084000171</nrInsc>
                    </ideContri>
                    <infoContri>
                      <inclusao>
                          <idePeriodo>
                                <iniValid>2018-01</iniValid>
                                
                                <fimValid>2018-12</fimValid>
                                
                            </idePeriodo>
                            <infoCadastro>
                                <classTrib>01</classTrib>
                                <indEscrituracao>0</indEscrituracao>
                                <indDesoneracao>0</indDesoneracao>
                                <indAcordoIsenMulta>0</indAcordoIsenMulta>
                                <indSitPJ>0</indSitPJ>
                                <contato>
                                    <nmCtt>asd</nmCtt>
                                    <cpfCtt>03695178140</cpfCtt>
                                    <foneFixo>1111111111</foneFixo>
                                    <email>roniely@intech.com.br</email>
                                </contato>
                                <softHouse>
                                    <cnpjSoftHouse>07669168000133</cnpjSoftHouse>
                                    <nmRazao>INTECH SOLUÇÕES EM TECNOLOGIA DA INFORMAÇÃO LTDA</nmRazao>
                                    <nmCont>GUSTAVO HENRIQUE PERSIANO DE ALMEIDA</nmCont>
                                    <telefone>6135332400</telefone>
                                    <email>gustavo@intech.com.br</email>
                                </softHouse>
                                <infoEFR>
                                    <ideEFD>S</ideEFD>
                                    <cnpjEFD></cnpjEFD>
                                </infoEFR>
                            </infoCadastro>
                      </inclusao>
                    </infoContri>
                </evtInfoContri>
            </Reinf>
        </evento>
    </loteEventos>
</Reinf>
